100;619
150;533
050;533
100;619
150;533
050;533
100;619
150;533
050;533
100;619
150;533
050;533
100;619
150;533
050;533
100;619
150;533
050;533
100;619
150;533
050;533
100;619
150;533
050;533
100;619
150;533
050;533
100;619
150;533
050;533
100;619
150;533
050;533
100;619
150;533
050;533
100;619
150;533
050;533
100;619
150;533
050;533
100;619
150;533
050;533
100;619
150;533
050;533
100;619
150;533
050;533
100;619
150;533
050;533
100;619
150;533
050;533
100;619
150;533
050;533
100;619
150;533
050;533
100;619
150;533
050;533
100;619
150;533
050;533
100;619
150;533
050;533