24;572
64;642
105;572
24;572
64;642
105;572
24;572
64;642
105;572
24;572
64;642
105;572
24;572
64;642
105;572
24;572
64;642
105;572
24;572
64;642
105;572
24;572
64;642
105;572
24;572
64;642
105;572
24;572
64;642
105;572
24;572
64;642
105;572
24;572
64;642
105;572
24;572
64;642
105;572
24;572
64;642
105;572
24;572
64;642
105;572
24;572
64;642
105;572
24;572
64;642
105;572
24;572
64;642
105;572
24;572
64;642
105;572
24;572
64;642
105;572
24;572
64;642
105;572
24;572
64;642
105;572