50;546
150;546
100;459
50;546
150;546
100;459
50;546
150;546
100;459
50;546
150;546
100;459
50;546
150;546
100;459
50;546
150;546
100;459
50;546
150;546
100;459
50;546
150;546
100;459
50;546
150;546
100;459
50;546
150;546
100;459
50;546
150;546
100;459
50;546
150;546
100;459
50;546
150;546
100;459
50;546
150;546
100;459
50;546
150;546
100;459
50;546
150;546
100;459
50;546
150;546
100;459
50;546
150;546
100;459
50;546
150;546
100;459
50;546
150;546
100;459